model,unit_number,time_cycles,true_RUL,predicted_RUL
XGBoost,1,31,112,115.64792
XGBoost,2,49,98,111.23543
XGBoost,3,126,69,62.16809
XGBoost,4,106,82,95.98222
XGBoost,5,98,91,100.35946
XGBoost,6,105,93,107.83876
XGBoost,7,160,91,96.45481
XGBoost,8,166,95,99.03751
XGBoost,9,55,111,118.40036
XGBoost,10,192,96,87.1959
XGBoost,11,83,97,95.56436
XGBoost,12,217,124,102.17382
XGBoost,13,195,95,86.555885
XGBoost,14,46,107,111.67618
XGBoost,15,76,83,107.41879
XGBoost,16,113,84,103.68322
XGBoost,17,165,50,55.168613
XGBoost,18,133,28,31.898052
XGBoost,19,135,87,102.02918
XGBoost,20,184,16,15.789009
XGBoost,21,148,57,66.621025
XGBoost,22,39,111,119.865425
XGBoost,23,130,113,119.953804
XGBoost,24,186,20,19.992233
XGBoost,25,48,125,112.32339
XGBoost,26,76,119,101.49854
XGBoost,27,140,66,93.501396
XGBoost,28,158,97,109.743286
XGBoost,29,171,90,101.62098
XGBoost,30,143,115,111.29757
XGBoost,31,196,8,16.22739
XGBoost,32,145,48,44.00289
XGBoost,33,50,106,110.88963
XGBoost,34,203,7,-0.55568
XGBoost,35,198,11,8.725673
XGBoost,36,126,19,21.10078
XGBoost,37,121,21,32.47666
XGBoost,38,125,50,53.043705
XGBoost,39,37,125,119.92369
XGBoost,40,133,28,27.847967
XGBoost,41,123,18,12.479166
XGBoost,42,156,10,13.8141775
XGBoost,43,172,59,82.83524
XGBoost,44,54,109,99.06627
XGBoost,45,152,114,81.739174
XGBoost,46,146,47,39.782738
XGBoost,47,73,125,109.36374
XGBoost,48,78,92,106.03442
XGBoost,49,303,21,16.154879
XGBoost,50,74,79,97.59398
XGBoost,51,144,114,115.50312
XGBoost,52,189,29,19.985775
XGBoost,53,164,26,32.000313
XGBoost,54,121,97,116.27258
XGBoost,55,113,125,109.375656
XGBoost,56,136,15,13.893001
XGBoost,57,160,103,100.692406
XGBoost,58,176,37,49.680878
XGBoost,59,94,114,108.522995
XGBoost,60,147,100,102.45262
XGBoost,61,159,21,28.613768
XGBoost,62,232,54,35.807903
XGBoost,63,155,72,88.26185
XGBoost,64,168,28,38.387623
XGBoost,65,71,125,120.926735
XGBoost,66,147,14,20.633717
XGBoost,67,71,77,106.33115
XGBoost,68,187,8,16.038214
XGBoost,69,54,121,109.18561
XGBoost,70,152,94,104.18996
XGBoost,71,68,118,106.82063
XGBoost,72,131,50,73.50112
XGBoost,73,112,125,100.47412
XGBoost,74,137,125,105.648
XGBoost,75,88,113,101.68366
XGBoost,76,205,10,8.322813
XGBoost,77,162,34,33.443123
XGBoost,78,72,107,126.76064
XGBoost,79,101,63,101.207985
XGBoost,80,133,90,85.553024
XGBoost,81,213,8,8.098393
XGBoost,82,162,9,7.285484
XGBoost,83,73,125,119.18979
XGBoost,84,172,58,75.40848
XGBoost,85,34,118,125.21248
XGBoost,86,110,89,106.44815
XGBoost,87,56,116,107.29105
XGBoost,88,68,115,116.18012
XGBoost,89,177,125,113.93821
XGBoost,90,146,28,27.753952
XGBoost,91,234,38,26.125397
XGBoost,92,150,20,22.20894
XGBoost,93,244,85,46.60544
XGBoost,94,133,55,65.546036
XGBoost,95,89,125,109.60067
XGBoost,96,97,125,118.1453
XGBoost,97,134,82,90.74372
XGBoost,98,121,59,73.988235
XGBoost,99,97,117,120.561584
XGBoost,100,198,20,14.682042
LSTM,1,31,112,118.26833
LSTM,2,49,98,121.733986
LSTM,3,126,69,44.14786
LSTM,4,106,82,81.956635
LSTM,5,98,91,100.94174
LSTM,6,105,93,109.37988
LSTM,7,160,91,106.33833
LSTM,8,166,95,91.71563
LSTM,9,55,111,118.8754
LSTM,10,192,96,86.16663
LSTM,11,83,97,90.2355
LSTM,12,217,124,103.39573
LSTM,13,195,95,73.9501
LSTM,14,46,107,112.35061
LSTM,15,76,83,111.41712
LSTM,16,113,84,107.13394
LSTM,17,165,50,51.406857
LSTM,18,133,28,31.077387
LSTM,19,135,87,100.50996
LSTM,20,184,16,13.080291
LSTM,21,148,57,71.04596
LSTM,22,39,111,121.38608
LSTM,23,130,113,122.27994
LSTM,24,186,20,20.960266
LSTM,25,48,125,114.48099
LSTM,26,76,119,114.56918
LSTM,27,140,66,96.80302
LSTM,28,158,97,110.7785
LSTM,29,171,90,100.606834
LSTM,30,143,115,102.36393
LSTM,31,196,8,9.104154
LSTM,32,145,48,46.11257
LSTM,33,50,106,106.798965
LSTM,34,203,7,7.069126
LSTM,35,198,11,10.235162
LSTM,36,126,19,20.653404
LSTM,37,121,21,27.80518
LSTM,38,125,50,47.27542
LSTM,39,37,125,123.696045
LSTM,40,133,28,24.764778
LSTM,41,123,18,25.127357
LSTM,42,156,10,11.725847
LSTM,43,172,59,54.73699
LSTM,44,54,109,100.32248
LSTM,45,152,114,73.13907
LSTM,46,146,47,42.62237
LSTM,47,73,125,108.10369
LSTM,48,78,92,104.05315
LSTM,49,303,21,15.496476
LSTM,50,74,79,103.88004
LSTM,51,144,114,104.027695
LSTM,52,189,29,28.562347
LSTM,53,164,26,27.7108
LSTM,54,121,97,117.19398
LSTM,55,113,125,116.400764
LSTM,56,136,15,15.026558
LSTM,57,160,103,104.371574
LSTM,58,176,37,34.42213
LSTM,59,94,114,112.08447
LSTM,60,147,100,111.255165
LSTM,61,159,21,22.004488
LSTM,62,232,54,34.206837
LSTM,63,155,72,81.70519
LSTM,64,168,28,21.907026
LSTM,65,71,125,119.93902
LSTM,66,147,14,18.09186
LSTM,67,71,77,117.96801
LSTM,68,187,8,8.144887
LSTM,69,54,121,118.30593
LSTM,70,152,94,88.79942
LSTM,71,68,118,111.673706
LSTM,72,131,50,52.25668
LSTM,73,112,125,113.67103
LSTM,74,137,125,103.45998
LSTM,75,88,113,108.77815
LSTM,76,205,10,7.203586
LSTM,77,162,34,29.089195
LSTM,78,72,107,124.42722
LSTM,79,101,63,100.39943
LSTM,80,133,90,99.49927
LSTM,81,213,8,7.477531
LSTM,82,162,9,9.553743
LSTM,83,73,125,126.951225
LSTM,84,172,58,73.63706
LSTM,85,34,118,123.71608
LSTM,86,110,89,118.80956
LSTM,87,56,116,119.91005
LSTM,88,68,115,115.25201
LSTM,89,177,125,110.85203
LSTM,90,146,28,22.469912
LSTM,91,234,38,22.099167
LSTM,92,150,20,22.003464
LSTM,93,244,85,43.409317
LSTM,94,133,55,54.899837
LSTM,95,89,125,114.71551
LSTM,96,97,125,106.54352
LSTM,97,134,82,87.416046
LSTM,98,121,59,64.3992
LSTM,99,97,117,112.33204
LSTM,100,198,20,19.02782
Autoformer,1,31,112,121.74645
Autoformer,2,49,98,112.13906
Autoformer,3,126,69,62.850636
Autoformer,4,106,82,80.801254
Autoformer,5,98,91,96.9771
Autoformer,6,105,93,103.45357
Autoformer,7,160,91,101.61914
Autoformer,8,166,95,92.47675
Autoformer,9,55,111,101.981476
Autoformer,10,192,96,99.02686
Autoformer,11,83,97,81.93021
Autoformer,12,217,124,91.429306
Autoformer,13,195,95,96.084465
Autoformer,14,46,107,93.744255
Autoformer,15,76,83,120.30079
Autoformer,16,113,84,110.732735
Autoformer,17,165,50,53.52296
Autoformer,18,133,28,59.87506
Autoformer,19,135,87,106.305824
Autoformer,20,184,16,13.210112
Autoformer,21,148,57,75.97436
Autoformer,22,39,111,118.65283
Autoformer,23,130,113,122.056305
Autoformer,24,186,20,15.825183
Autoformer,25,48,125,123.18845
Autoformer,26,76,119,107.011856
Autoformer,27,140,66,112.92474
Autoformer,28,158,97,96.143486
Autoformer,29,171,90,96.1962
Autoformer,30,143,115,91.36229
Autoformer,31,196,8,10.362069
Autoformer,32,145,48,56.203487
Autoformer,33,50,106,87.33849
Autoformer,34,203,7,-1.461748
Autoformer,35,198,11,5.3098793
Autoformer,36,126,19,10.23446
Autoformer,37,121,21,56.809437
Autoformer,38,125,50,35.65914
Autoformer,39,37,125,116.99128
Autoformer,40,133,28,23.342728
Autoformer,41,123,18,48.844788
Autoformer,42,156,10,5.6688895
Autoformer,43,172,59,71.695755
Autoformer,44,54,109,113.71192
Autoformer,45,152,114,57.51102
Autoformer,46,146,47,42.153538
Autoformer,47,73,125,104.86629
Autoformer,48,78,92,107.74107
Autoformer,49,303,21,8.906805
Autoformer,50,74,79,102.675354
Autoformer,51,144,114,110.986015
Autoformer,52,189,29,32.457626
Autoformer,53,164,26,31.059818
Autoformer,54,121,97,112.43121
Autoformer,55,113,125,112.900734
Autoformer,56,136,15,4.643157
Autoformer,57,160,103,83.74397
Autoformer,58,176,37,44.360313
Autoformer,59,94,114,118.848625
Autoformer,60,147,100,104.12343
Autoformer,61,159,21,34.811447
Autoformer,62,232,54,48.633083
Autoformer,63,155,72,55.948112
Autoformer,64,168,28,32.61742
Autoformer,65,71,125,120.846344
Autoformer,66,147,14,12.809099
Autoformer,67,71,77,116.85848
Autoformer,68,187,8,10.703711
Autoformer,69,54,121,113.23919
Autoformer,70,152,94,93.94091
Autoformer,71,68,118,116.33738
Autoformer,72,131,50,88.40568
Autoformer,73,112,125,116.362015
Autoformer,74,137,125,94.901436
Autoformer,75,88,113,114.513565
Autoformer,76,205,10,6.9007797
Autoformer,77,162,34,39.912857
Autoformer,78,72,107,120.50211
Autoformer,79,101,63,114.08138
Autoformer,80,133,90,79.61768
Autoformer,81,213,8,4.2225494
Autoformer,82,162,9,2.5417058
Autoformer,83,73,125,115.08914
Autoformer,84,172,58,58.718616
Autoformer,85,34,118,104.04702
Autoformer,86,110,89,95.560234
Autoformer,87,56,116,114.34911
Autoformer,88,68,115,108.73958
Autoformer,89,177,125,104.2217
Autoformer,90,146,28,26.919746
Autoformer,91,234,38,13.843774
Autoformer,92,150,20,12.533798
Autoformer,93,244,85,33.540443
Autoformer,94,133,55,42.57166
Autoformer,95,89,125,116.31317
Autoformer,96,97,125,112.81435
Autoformer,97,134,82,91.15677
Autoformer,98,121,59,71.72996
Autoformer,99,97,117,113.50913
Autoformer,100,198,20,14.468457
